[{"model": "contenttypes.contenttype", "pk": 1, "fields": {"app_label": "admin", "model": "logentry"}}, {"model": "contenttypes.contenttype", "pk": 2, "fields": {"app_label": "auth", "model": "permission"}}, {"model": "contenttypes.contenttype", "pk": 3, "fields": {"app_label": "auth", "model": "group"}}, {"model": "contenttypes.contenttype", "pk": 4, "fields": {"app_label": "contenttypes", "model": "contenttype"}}, {"model": "contenttypes.contenttype", "pk": 5, "fields": {"app_label": "sessions", "model": "session"}}, {"model": "contenttypes.contenttype", "pk": 6, "fields": {"app_label": "thumbnail", "model": "kvstore"}}, {"model": "contenttypes.contenttype", "pk": 7, "fields": {"app_label": "accounts", "model": "user"}}, {"model": "contenttypes.contenttype", "pk": 8, "fields": {"app_label": "shopping", "model": "category"}}, {"model": "contenttypes.contenttype", "pk": 9, "fields": {"app_label": "shopping", "model": "product"}}, {"model": "contenttypes.contenttype", "pk": 10, "fields": {"app_label": "orders", "model": "coupon"}}, {"model": "contenttypes.contenttype", "pk": 11, "fields": {"app_label": "orders", "model": "order"}}, {"model": "contenttypes.contenttype", "pk": 12, "fields": {"app_label": "orders", "model": "orderitem"}}, {"model": "sessions.session", "pk": "ku8ao2njkcwht71bm54pgc8c9bzyvhjp", "fields": {"session_data": "NzViYzRjOGZmNzE4MTVjMDc0ZDdmZGE1OWM3YzBhNjg0OTQ2ODk1Mjp7ImNhcnQiOnsiNCI6eyJxdWFudGl0eSI6MSwicHJpY2UiOiI5MzAwMCJ9fX0=", "expire_date": "2020-09-27T12:35:35.121Z"}}, {"model": "sessions.session", "pk": "umlns5lxy9q8d15t00ixeg0jlnf2v83x", "fields": {"session_data": "MDU5N2IxZGE1ZDAzNTdkYzg3OTM2YzZiNWM3NDdiMDU3Mjg3ZjdkODp7Il9hdXRoX3VzZXJfaWQiOiIxIiwiX2F1dGhfdXNlcl9iYWNrZW5kIjoiZGphbmdvLmNvbnRyaWIuYXV0aC5iYWNrZW5kcy5Nb2RlbEJhY2tlbmQiLCJfYXV0aF91c2VyX2hhc2giOiIxMDFhM2JhODU0YmVkZTZjYWFkMDJjYWQ3MGFhMjM2NzA5YWJiOTIzIn0=", "expire_date": "2020-09-13T17:08:07.672Z"}}, {"model": "sessions.session", "pk": "wc1c5u7myq0btfcudzwdzrcwnmx0orz2", "fields": {"session_data": "MzA3OTQwMmVmNzg1M2E2OTkzMGQ3ZTcwMTkwMzU3YzAyYjJhNDEwYTp7ImNhcnQiOnt9LCJfYXV0aF91c2VyX2lkIjoiMiIsIl9hdXRoX3VzZXJfYmFja2VuZCI6ImRqYW5nby5jb250cmliLmF1dGguYmFja2VuZHMuTW9kZWxCYWNrZW5kIiwiX2F1dGhfdXNlcl9oYXNoIjoiYTgzMWE5ZDdiNjljMGM1NTk4MTQwZGM2OTk2NzAyMjdiZTQ2NDEyMiJ9", "expire_date": "2020-09-15T09:53:21.401Z"}}, {"model": "thumbnail.kvstore", "pk": "sorl-thumbnail||image||07414190ea86fad045bdc700e0ddc6ef", "fields": {"value": "{\"name\": \"cache/a0/45/a0454e4702b190a76078fd735a33188d.jpg\", \"storage\": \"django.core.files.storage.FileSystemStorage\", \"size\": [320, 320]}"}}, {"model": "thumbnail.kvstore", "pk": "sorl-thumbnail||image||0df0cff2e5770d4bc403c64f64ee7723", "fields": {"value": "{\"name\": \"cache/50/a0/50a045a7d881d109ef48b5ed6509b406.jpg\", \"storage\": \"django.core.files.storage.FileSystemStorage\", \"size\": [207, 320]}"}}, {"model": "thumbnail.kvstore", "pk": "sorl-thumbnail||image||11147ce971f6efa3c90bf00d981d1628", "fields": {"value": "{\"name\": \"products/2020/08/30/apple-iphone-x-new-1.jpg\", \"storage\": \"django.core.files.storage.FileSystemStorage\", \"size\": [654, 650]}"}}, {"model": "thumbnail.kvstore", "pk": "sorl-thumbnail||image||183fc43c13a7e1a737b7953d8bd0f566", "fields": {"value": "{\"name\": \"products/2020/09/01/shahin-23.jpg\", \"storage\": \"django.core.files.storage.FileSystemStorage\", \"size\": [800, 800]}"}}, {"model": "thumbnail.kvstore", "pk": "sorl-thumbnail||image||2a715fdf5ac550a64f546c5ff4343fa9", "fields": {"value": "{\"name\": \"products/2020/09/01/01.jpg\", \"storage\": \"django.core.files.storage.FileSystemStorage\", \"size\": [750, 750]}"}}, {"model": "thumbnail.kvstore", "pk": "sorl-thumbnail||image||455c0efadea1c484812f0f92d3e560e7", "fields": {"value": "{\"name\": \"products/2020/08/30/asus-n56vz-a-\\u0644\\u067e-\\u062a\\u0627\\u067e-\\u0627\\u06cc\\u0633\\u0648\\u0633_m9ACN92.jpg\", \"storage\": \"django.core.files.storage.FileSystemStorage\", \"size\": [300, 300]}"}}, {"model": "thumbnail.kvstore", "pk": "sorl-thumbnail||image||6db31d9b21957e4a0301577e385a5e1e", "fields": {"value": "{\"name\": \"products/2020/08/30/SM-A300F_001_Front_Blue_ji4VkTz.jpg\", \"storage\": \"django.core.files.storage.FileSystemStorage\", \"size\": [601, 928]}"}}, {"model": "thumbnail.kvstore", "pk": "sorl-thumbnail||image||754b5b87e086dfb9a7192312d4a2885f", "fields": {"value": "{\"name\": \"cache/0c/e9/0ce9d8d1cf2e3ea0048fcce6b94381ce.jpg\", \"storage\": \"django.core.files.storage.FileSystemStorage\", \"size\": [300, 300]}"}}, {"model": "thumbnail.kvstore", "pk": "sorl-thumbnail||image||76fbc9b84d120bbcb7dd48579a246b3a", "fields": {"value": "{\"name\": \"cache/d5/15/d515faf58c3ed5408db12bd665ce8a43.jpg\", \"storage\": \"django.core.files.storage.FileSystemStorage\", \"size\": [320, 318]}"}}, {"model": "thumbnail.kvstore", "pk": "sorl-thumbnail||image||7df59cc6b497f0b1cf0300e4e752c9eb", "fields": {"value": "{\"name\": \"products/2020/09/01/\\u062a\\u06cc_\\u0634\\u0631\\u062a_\\u0627\\u0646\\u0627\\u0631\\u0686\\u0627\\u067e_\\u0637\\u0631\\u062d_\\u0628\\u0631\\u0646\\u0627\\u0645\\u0647_\\u0646\\u0648\\u06cc\\u0633_\\u0645\\u062f\\u0644_T03006.jpg\", \"storage\": \"django.core.files.storage.FileSystemStorage\", \"size\": [600, 600]}"}}, {"model": "thumbnail.kvstore", "pk": "sorl-thumbnail||image||86ebfe4a74771676022ae3314b043057", "fields": {"value": "{\"name\": \"cache/48/cc/48cc404aa01587d08b1ad91ba6399dbd.jpg\", \"storage\": \"django.core.files.storage.FileSystemStorage\", \"size\": [300, 200]}"}}, {"model": "thumbnail.kvstore", "pk": "sorl-thumbnail||image||8b858ad6f4a2aa90231bdc67b9430d28", "fields": {"value": "{\"name\": \"cache/6c/e2/6ce2ec4f252e762658e4ecb051b8f3d4.jpg\", \"storage\": \"django.core.files.storage.FileSystemStorage\", \"size\": [300, 300]}"}}, {"model": "thumbnail.kvstore", "pk": "sorl-thumbnail||image||9f21a7dede5a6ab2ca763a6f1b51cb90", "fields": {"value": "{\"name\": \"cache/1d/db/1ddb641a2a5c54ed0dd1518de599cf37.jpg\", \"storage\": \"django.core.files.storage.FileSystemStorage\", \"size\": [300, 300]}"}}, {"model": "thumbnail.kvstore", "pk": "sorl-thumbnail||image||baf7e5e7c0e949bddbf315feb664b769", "fields": {"value": "{\"name\": \"cache/ab/27/ab27c574952459c3209db50cc4b4351b.jpg\", \"storage\": \"django.core.files.storage.FileSystemStorage\", \"size\": [194, 300]}"}}, {"model": "thumbnail.kvstore", "pk": "sorl-thumbnail||image||cdab95c8dbaac4ef4c74add75a4487ff", "fields": {"value": "{\"name\": \"cache/6c/5a/6c5ad539d71fb195e084093a92fd8fdd.jpg\", \"storage\": \"django.core.files.storage.FileSystemStorage\", \"size\": [300, 298]}"}}, {"model": "thumbnail.kvstore", "pk": "sorl-thumbnail||image||cfc4dfe2d9cf85e304ad9f946140fa0c", "fields": {"value": "{\"name\": \"products/2020/09/01/\\u06a9\\u0641\\u0634-\\u0645\\u0631\\u062f\\u0627\\u0646\\u0647-\\u0645\\u062f\\u0644\\u06a9\\u0627\\u062a\\u0631-\\u06a9\\u0641\\u0634\\u06a9\\u062a\\u0648\\u0646\\u06cc-\\u0631\\u0627\\u062d\\u062a-\\u0648-\\u0637\\u0628\\u06cc-373070-839249.jpg\", \"storage\": \"django.core.files.storage.FileSystemStorage\", \"size\": [1280, 852]}"}}, {"model": "thumbnail.kvstore", "pk": "sorl-thumbnail||image||d30223946eb866253f83a6c2d8634812", "fields": {"value": "{\"name\": \"cache/ba/a0/baa0558eeaa3d1d496d91fd0858ae1ef.jpg\", \"storage\": \"django.core.files.storage.FileSystemStorage\", \"size\": [320, 320]}"}}, {"model": "thumbnail.kvstore", "pk": "sorl-thumbnail||image||e6709955d2458fac5cf2a9cb3366876d", "fields": {"value": "{\"name\": \"cache/0e/cd/0ecd9f328b5937d0ae163b11f6919162.jpg\", \"storage\": \"django.core.files.storage.FileSystemStorage\", \"size\": [300, 300]}"}}, {"model": "thumbnail.kvstore", "pk": "sorl-thumbnail||image||eab5dc62f81ced21cc7e7f71842ab797", "fields": {"value": "{\"name\": \"cache/65/4a/654aca2a5ca8dc9a1783d9a93d7f5484.jpg\", \"storage\": \"django.core.files.storage.FileSystemStorage\", \"size\": [320, 213]}"}}, {"model": "thumbnail.kvstore", "pk": "sorl-thumbnail||thumbnails||11147ce971f6efa3c90bf00d981d1628", "fields": {"value": "[\"cdab95c8dbaac4ef4c74add75a4487ff\", \"76fbc9b84d120bbcb7dd48579a246b3a\"]"}}, {"model": "thumbnail.kvstore", "pk": "sorl-thumbnail||thumbnails||183fc43c13a7e1a737b7953d8bd0f566", "fields": {"value": "[\"8b858ad6f4a2aa90231bdc67b9430d28\"]"}}, {"model": "thumbnail.kvstore", "pk": "sorl-thumbnail||thumbnails||2a715fdf5ac550a64f546c5ff4343fa9", "fields": {"value": "[\"e6709955d2458fac5cf2a9cb3366876d\"]"}}, {"model": "thumbnail.kvstore", "pk": "sorl-thumbnail||thumbnails||455c0efadea1c484812f0f92d3e560e7", "fields": {"value": "[\"754b5b87e086dfb9a7192312d4a2885f\", \"07414190ea86fad045bdc700e0ddc6ef\"]"}}, {"model": "thumbnail.kvstore", "pk": "sorl-thumbnail||thumbnails||6db31d9b21957e4a0301577e385a5e1e", "fields": {"value": "[\"baf7e5e7c0e949bddbf315feb664b769\", \"0df0cff2e5770d4bc403c64f64ee7723\"]"}}, {"model": "thumbnail.kvstore", "pk": "sorl-thumbnail||thumbnails||7df59cc6b497f0b1cf0300e4e752c9eb", "fields": {"value": "[\"9f21a7dede5a6ab2ca763a6f1b51cb90\", \"d30223946eb866253f83a6c2d8634812\"]"}}, {"model": "thumbnail.kvstore", "pk": "sorl-thumbnail||thumbnails||cfc4dfe2d9cf85e304ad9f946140fa0c", "fields": {"value": "[\"eab5dc62f81ced21cc7e7f71842ab797\", \"86ebfe4a74771676022ae3314b043057\"]"}}, {"model": "accounts.user", "pk": 1, "fields": {"password": "pbkdf2_sha256$180000$vIaQLl399Vd4$Zb+rMoR8Csg5/jh+0vCb+tXy0EEhyk84Yg3SaSEYAXo=", "last_login": "2020-09-13T07:02:44.940Z", "email": "admin@admin.com", "first_name": "\u0627\u062f\u0645\u06cc\u0646", "last_name": "\u0627\u062f\u0645\u06cc\u0646\u200c\u067e\u0633\u0646\u062f", "is_active": true, "is_admin": true}}, {"model": "accounts.user", "pk": 2, "fields": {"password": "pbkdf2_sha256$180000$nR3GOYt2ejeg$st36GI66GW4DQWtILyuHAMphOtewKAoT3OwOCIgwALo=", "last_login": "2020-09-03T12:25:51.850Z", "email": "ali@ali.com", "first_name": "\u0639\u0644\u06cc", "last_name": "\u0638\u0641\u0631\u06cc", "is_active": true, "is_admin": false}}, {"model": "shopping.category", "pk": 1, "fields": {"sub_category": null, "is_sub": false, "name": "\u0645\u0648\u0628\u0627\u06cc\u0644", "slug": "\u0645\u0648\u0628\u0627\u06cc\u0644"}}, {"model": "shopping.category", "pk": 2, "fields": {"sub_category": null, "is_sub": false, "name": "\u0644\u067e\u200c\u062a\u0627\u067e", "slug": "\u0644\u067e\u062a\u0627\u067e"}}, {"model": "shopping.category", "pk": 3, "fields": {"sub_category": 1, "is_sub": true, "name": "\u0633\u0627\u0645\u0633\u0648\u0646\u06af", "slug": "\u0633\u0627\u0645\u0633\u0648\u0646\u06af"}}, {"model": "shopping.category", "pk": 4, "fields": {"sub_category": 1, "is_sub": true, "name": "\u0627\u067e\u0644", "slug": "\u0627\u067e\u0644"}}, {"model": "shopping.category", "pk": 5, "fields": {"sub_category": 2, "is_sub": true, "name": "Lenovo", "slug": "lenovo"}}, {"model": "shopping.category", "pk": 6, "fields": {"sub_category": 2, "is_sub": true, "name": "ASUS", "slug": "asus"}}, {"model": "shopping.category", "pk": 7, "fields": {"sub_category": 2, "is_sub": true, "name": "\u0627\u0686\u200c\u067e\u06cc", "slug": "\u0627\u0686\u067e\u06cc"}}, {"model": "shopping.category", "pk": 8, "fields": {"sub_category": null, "is_sub": false, "name": "\u067e\u0648\u0634\u0627\u06a9", "slug": "\u067e\u0648\u0634\u0627\u06a9"}}, {"model": "shopping.category", "pk": 9, "fields": {"sub_category": 8, "is_sub": true, "name": "\u062a\u06cc\u200c\u0634\u0631\u062a", "slug": "\u062a\u06cc\u0634\u0631\u062a"}}, {"model": "shopping.category", "pk": 10, "fields": {"sub_category": 8, "is_sub": true, "name": "\u06a9\u0641\u0634", "slug": "\u06a9\u0641\u0634"}}, {"model": "shopping.category", "pk": 11, "fields": {"sub_category": 1, "is_sub": true, "name": "\u062c\u06cc\u200c\u0627\u0644\u200c\u0627\u06cc\u06a9\u0633", "slug": "\u062c\u06cc\u0627\u0644\u0627\u06cc\u06a9\u0633"}}, {"model": "shopping.category", "pk": 12, "fields": {"sub_category": 8, "is_sub": true, "name": "\u062c\u0648\u0631\u0627\u0628", "slug": "\u062c\u0648\u0631\u0627\u0628"}}, {"model": "shopping.product", "pk": 1, "fields": {"name": "\u06af\u0644\u06a9\u0633\u06cc A3", "slug": "\u06af\u0644\u06a9\u0633\u06cc-a3", "image": "products/2020/08/30/SM-A300F_001_Front_Blue_ji4VkTz.jpg", "description": "\u0628\u0647\u062a\u0631\u06cc\u0646 \u06af\u0648\u0634\u06cc \u062f\u0646\u06cc\u0627", "price": 900000, "available": true, "created": "2020-08-30T15:12:12.322Z", "updated": "2020-09-05T14:33:16.777Z", "quantity": 20, "category": [3, 1]}}, {"model": "shopping.product", "pk": 2, "fields": {"name": "\u0622\u06cc\u0641\u0648\u0646 X", "slug": "\u0622\u06cc\u0641\u0648\u0646-x", "image": "products/2020/08/30/apple-iphone-x-new-1.jpg", "description": "\u0627\u0644\u06a9\u06cc\u200c\u06af\u0631\u0648\u0646\u200c\u062a\u0631\u06cc\u0646 \u06af\u0648\u0634\u06cc \u062f\u0646\u06cc\u0627", "price": 22000000, "available": false, "created": "2020-08-30T15:14:07.668Z", "updated": "2020-09-05T14:35:28.710Z", "quantity": 0, "category": [4, 1]}}, {"model": "shopping.product", "pk": 3, "fields": {"name": "N56VZ", "slug": "n56vz", "image": "products/2020/08/30/asus-n56vz-a-\u0644\u067e-\u062a\u0627\u067e-\u0627\u06cc\u0633\u0648\u0633_m9ACN92.jpg", "description": "\u062e\u0641\u0646\u200c\u062a\u0631\u06cc\u0646 \u0644\u067e\u200c\u062a\u0627\u067e \u062f\u0646\u06cc\u0627", "price": 3200000, "available": false, "created": "2020-08-30T15:15:01.654Z", "updated": "2020-09-13T07:03:43.427Z", "quantity": 0, "category": [6, 2]}}, {"model": "shopping.product", "pk": 4, "fields": {"name": "\u062a\u06cc\u200c\u0634\u0631\u062a \u0631\u0627\u062d\u062a", "slug": "\u062a\u06cc\u0634\u0631\u062a-\u0631\u0627\u062d\u062a", "image": "products/2020/09/01/\u062a\u06cc_\u0634\u0631\u062a_\u0627\u0646\u0627\u0631\u0686\u0627\u067e_\u0637\u0631\u062d_\u0628\u0631\u0646\u0627\u0645\u0647_\u0646\u0648\u06cc\u0633_\u0645\u062f\u0644_T03006.jpg", "description": "\u0628\u0627 \u0627\u06cc\u0646 \u062a\u06cc\u200c\u0634\u0631\u062a \u062e\u0648\u062f \u0631\u0627 \u0627\u0632 \u062e\u0631\u06cc\u062f \u0647\u0631 \u062a\u06cc\u200c\u0634\u0631\u062a \u062f\u06cc\u06af\u0631\u06cc \u062a\u0627 \u067e\u0627\u06cc\u0627\u0646 \u0639\u0645\u0631 \u0628\u06cc\u200c\u0646\u06cc\u0627\u0632 \u06a9\u0646\u06cc\u062f", "price": 93000, "available": true, "created": "2020-09-01T07:18:39.592Z", "updated": "2020-09-05T14:33:16.690Z", "quantity": 11, "category": [8, 9]}}, {"model": "shopping.product", "pk": 5, "fields": {"name": "\u06a9\u0641\u0634 \u0646\u06cc\u0645\u0647 \u0631\u0627\u062d\u062a", "slug": "\u06a9\u0641\u0634-\u0646\u06cc\u0645\u0647-\u0631\u0627\u062d\u062a", "image": "products/2020/09/01/\u06a9\u0641\u0634-\u0645\u0631\u062f\u0627\u0646\u0647-\u0645\u062f\u0644\u06a9\u0627\u062a\u0631-\u06a9\u0641\u0634\u06a9\u062a\u0648\u0646\u06cc-\u0631\u0627\u062d\u062a-\u0648-\u0637\u0628\u06cc-373070-839249.jpg", "description": "\u06a9\u0641\u0634\u06cc \u0628\u0631\u0627 \u062a\u0645\u0627\u0645 \u0641\u0635\u0648\u0644", "price": 300000, "available": true, "created": "2020-09-01T07:22:13.446Z", "updated": "2020-09-05T14:33:16.755Z", "quantity": 12, "category": [8, 10]}}, {"model": "shopping.product", "pk": 6, "fields": {"name": "\u062c\u06cc\u200c\u0627\u0644\u200c\u0627\u06cc\u06a9\u0633 \u0634\u0627\u0647\u06cc\u0646", "slug": "\u062c\u06cc\u0627\u0644\u0627\u06cc\u06a9\u0633-\u0634\u0627\u0647\u06cc\u0646", "image": "products/2020/09/01/shahin-23.jpg", "description": "\u062a\u0648\u0644\u06cc\u062f \u0645\u0644\u06cc \u0627\u0642\u062a\u062f\u0627\u0631 \u0645\u0644\u06cc", "price": 1500000, "available": true, "created": "2020-09-01T08:47:47.101Z", "updated": "2020-09-05T14:33:16.734Z", "quantity": 2, "category": [11, 1]}}, {"model": "shopping.product", "pk": 7, "fields": {"name": "\u062c\u06cc\u200c\u0627\u0644\u200c\u0627\u06cc\u06a9\u0633 \u0622\u0631\u06cc\u0627", "slug": "\u062c\u06cc\u0627\u0644\u0627\u06cc\u06a9\u0633-\u0622\u0631\u06cc\u0627", "image": "products/2020/09/01/01.jpg", "description": "\u0628\u0627\u0632\u0645 \u062a\u0648\u0644\u06cc\u062f \u0645\u0644\u06cc \u0648\u0644\u06cc \u06cc\u0647 \u06a9\u0645 \u0627\u0642\u062a\u062f\u0627\u0631\u0634 \u06a9\u0645\u062a\u0631\u0647 \u0627\u0632 \u0634\u0627\u0647\u06cc\u0646", "price": 1200000, "available": true, "created": "2020-09-01T08:48:38.913Z", "updated": "2020-09-05T14:33:16.711Z", "quantity": 1, "category": [11, 1]}}, {"model": "orders.order", "pk": 23, "fields": {"user": 1, "created": "2020-08-31T22:08:13.359Z", "updated": "2020-08-31T22:08:13.359Z", "paid": false, "discount": null}}, {"model": "orders.order", "pk": 24, "fields": {"user": 1, "created": "2020-08-31T22:09:36.024Z", "updated": "2020-08-31T22:10:44.107Z", "paid": true, "discount": null}}, {"model": "orders.order", "pk": 25, "fields": {"user": 1, "created": "2020-08-31T22:10:23.962Z", "updated": "2020-08-31T22:10:27.526Z", "paid": true, "discount": null}}, {"model": "orders.order", "pk": 26, "fields": {"user": 1, "created": "2020-08-31T22:11:19.083Z", "updated": "2020-08-31T22:11:31.107Z", "paid": true, "discount": null}}, {"model": "orders.order", "pk": 27, "fields": {"user": 2, "created": "2020-09-01T08:49:33.090Z", "updated": "2020-09-01T08:50:37.355Z", "paid": true, "discount": null}}, {"model": "orders.order", "pk": 28, "fields": {"user": 2, "created": "2020-09-01T08:50:53.264Z", "updated": "2020-09-01T08:53:22.044Z", "paid": true, "discount": 50}}, {"model": "orders.order", "pk": 29, "fields": {"user": 2, "created": "2020-09-03T12:25:57.504Z", "updated": "2020-09-03T12:26:20.495Z", "paid": true, "discount": 50}}, {"model": "orders.order", "pk": 30, "fields": {"user": 1, "created": "2020-09-05T10:33:06.023Z", "updated": "2020-09-05T10:33:10.926Z", "paid": true, "discount": null}}, {"model": "orders.order", "pk": 31, "fields": {"user": 1, "created": "2020-09-05T10:34:27.022Z", "updated": "2020-09-05T10:34:30.313Z", "paid": true, "discount": null}}, {"model": "orders.order", "pk": 32, "fields": {"user": 1, "created": "2020-09-05T10:36:24.033Z", "updated": "2020-09-05T10:36:24.033Z", "paid": false, "discount": null}}, {"model": "orders.order", "pk": 33, "fields": {"user": 1, "created": "2020-09-05T10:37:11.532Z", "updated": "2020-09-05T10:37:11.532Z", "paid": false, "discount": null}}, {"model": "orders.order", "pk": 34, "fields": {"user": 1, "created": "2020-09-05T10:37:45.640Z", "updated": "2020-09-05T10:37:47.336Z", "paid": true, "discount": null}}, {"model": "orders.order", "pk": 35, "fields": {"user": 1, "created": "2020-09-05T14:33:44.599Z", "updated": "2020-09-05T14:33:46.753Z", "paid": true, "discount": null}}, {"model": "orders.order", "pk": 36, "fields": {"user": 1, "created": "2020-09-05T14:35:27.043Z", "updated": "2020-09-05T14:35:28.724Z", "paid": true, "discount": null}}, {"model": "orders.order", "pk": 37, "fields": {"user": 1, "created": "2020-09-13T07:03:00.180Z", "updated": "2020-09-13T07:03:43.446Z", "paid": true, "discount": null}}, {"model": "orders.orderitem", "pk": 20, "fields": {"order": 23, "product": 3, "price": 3200000, "quantity": 1}}, {"model": "orders.orderitem", "pk": 21, "fields": {"order": 23, "product": 1, "price": 900000, "quantity": 1}}, {"model": "orders.orderitem", "pk": 22, "fields": {"order": 24, "product": 3, "price": 3200000, "quantity": 1}}, {"model": "orders.orderitem", "pk": 23, "fields": {"order": 24, "product": 1, "price": 900000, "quantity": 1}}, {"model": "orders.orderitem", "pk": 24, "fields": {"order": 25, "product": 2, "price": 22000000, "quantity": 2}}, {"model": "orders.orderitem", "pk": 25, "fields": {"order": 25, "product": 1, "price": 900000, "quantity": 1}}, {"model": "orders.orderitem", "pk": 26, "fields": {"order": 26, "product": 1, "price": 900000, "quantity": 3}}, {"model": "orders.orderitem", "pk": 27, "fields": {"order": 27, "product": 6, "price": 1500000, "quantity": 3}}, {"model": "orders.orderitem", "pk": 28, "fields": {"order": 28, "product": 3, "price": 3200000, "quantity": 2}}, {"model": "orders.orderitem", "pk": 29, "fields": {"order": 29, "product": 2, "price": 22000000, "quantity": 1}}, {"model": "orders.orderitem", "pk": 30, "fields": {"order": 30, "product": 3, "price": 3200000, "quantity": 3}}, {"model": "orders.orderitem", "pk": 31, "fields": {"order": 31, "product": 3, "price": 3200000, "quantity": 2}}, {"model": "orders.orderitem", "pk": 32, "fields": {"order": 32, "product": 3, "price": 3200000, "quantity": 4}}, {"model": "orders.orderitem", "pk": 33, "fields": {"order": 33, "product": 3, "price": 3200000, "quantity": 3}}, {"model": "orders.orderitem", "pk": 34, "fields": {"order": 34, "product": 3, "price": 3200000, "quantity": 2}}, {"model": "orders.orderitem", "pk": 35, "fields": {"order": 35, "product": 2, "price": 22000000, "quantity": 10}}, {"model": "orders.orderitem", "pk": 36, "fields": {"order": 36, "product": 2, "price": 22000000, "quantity": 5}}, {"model": "orders.orderitem", "pk": 37, "fields": {"order": 37, "product": 3, "price": 3200000, "quantity": 3}}, {"model": "orders.coupon", "pk": 1, "fields": {"code": "takhfif50", "valid_from": "2020-08-30T07:58:38Z", "valid_to": "2020-11-01T07:58:51Z", "discount": 50, "active": true}}, {"model": "auth.permission", "pk": 1, "fields": {"name": "Can add log entry", "content_type": 1, "codename": "add_logentry"}}, {"model": "auth.permission", "pk": 2, "fields": {"name": "Can change log entry", "content_type": 1, "codename": "change_logentry"}}, {"model": "auth.permission", "pk": 3, "fields": {"name": "Can delete log entry", "content_type": 1, "codename": "delete_logentry"}}, {"model": "auth.permission", "pk": 4, "fields": {"name": "Can view log entry", "content_type": 1, "codename": "view_logentry"}}, {"model": "auth.permission", "pk": 5, "fields": {"name": "Can add permission", "content_type": 2, "codename": "add_permission"}}, {"model": "auth.permission", "pk": 6, "fields": {"name": "Can change permission", "content_type": 2, "codename": "change_permission"}}, {"model": "auth.permission", "pk": 7, "fields": {"name": "Can delete permission", "content_type": 2, "codename": "delete_permission"}}, {"model": "auth.permission", "pk": 8, "fields": {"name": "Can view permission", "content_type": 2, "codename": "view_permission"}}, {"model": "auth.permission", "pk": 9, "fields": {"name": "Can add group", "content_type": 3, "codename": "add_group"}}, {"model": "auth.permission", "pk": 10, "fields": {"name": "Can change group", "content_type": 3, "codename": "change_group"}}, {"model": "auth.permission", "pk": 11, "fields": {"name": "Can delete group", "content_type": 3, "codename": "delete_group"}}, {"model": "auth.permission", "pk": 12, "fields": {"name": "Can view group", "content_type": 3, "codename": "view_group"}}, {"model": "auth.permission", "pk": 13, "fields": {"name": "Can add content type", "content_type": 4, "codename": "add_contenttype"}}, {"model": "auth.permission", "pk": 14, "fields": {"name": "Can change content type", "content_type": 4, "codename": "change_contenttype"}}, {"model": "auth.permission", "pk": 15, "fields": {"name": "Can delete content type", "content_type": 4, "codename": "delete_contenttype"}}, {"model": "auth.permission", "pk": 16, "fields": {"name": "Can view content type", "content_type": 4, "codename": "view_contenttype"}}, {"model": "auth.permission", "pk": 17, "fields": {"name": "Can add session", "content_type": 5, "codename": "add_session"}}, {"model": "auth.permission", "pk": 18, "fields": {"name": "Can change session", "content_type": 5, "codename": "change_session"}}, {"model": "auth.permission", "pk": 19, "fields": {"name": "Can delete session", "content_type": 5, "codename": "delete_session"}}, {"model": "auth.permission", "pk": 20, "fields": {"name": "Can view session", "content_type": 5, "codename": "view_session"}}, {"model": "auth.permission", "pk": 21, "fields": {"name": "Can add kv store", "content_type": 6, "codename": "add_kvstore"}}, {"model": "auth.permission", "pk": 22, "fields": {"name": "Can change kv store", "content_type": 6, "codename": "change_kvstore"}}, {"model": "auth.permission", "pk": 23, "fields": {"name": "Can delete kv store", "content_type": 6, "codename": "delete_kvstore"}}, {"model": "auth.permission", "pk": 24, "fields": {"name": "Can view kv store", "content_type": 6, "codename": "view_kvstore"}}, {"model": "auth.permission", "pk": 25, "fields": {"name": "Can add \u0646\u0645\u0627\u06cc\u0647 \u06a9\u0627\u0631\u0628\u0631", "content_type": 7, "codename": "add_user"}}, {"model": "auth.permission", "pk": 26, "fields": {"name": "Can change \u0646\u0645\u0627\u06cc\u0647 \u06a9\u0627\u0631\u0628\u0631", "content_type": 7, "codename": "change_user"}}, {"model": "auth.permission", "pk": 27, "fields": {"name": "Can delete \u0646\u0645\u0627\u06cc\u0647 \u06a9\u0627\u0631\u0628\u0631", "content_type": 7, "codename": "delete_user"}}, {"model": "auth.permission", "pk": 28, "fields": {"name": "Can view \u0646\u0645\u0627\u06cc\u0647 \u06a9\u0627\u0631\u0628\u0631", "content_type": 7, "codename": "view_user"}}, {"model": "auth.permission", "pk": 29, "fields": {"name": "Can add \u062f\u0633\u062a\u0647\u200c\u0628\u0646\u062f\u06cc", "content_type": 8, "codename": "add_category"}}, {"model": "auth.permission", "pk": 30, "fields": {"name": "Can change \u062f\u0633\u062a\u0647\u200c\u0628\u0646\u062f\u06cc", "content_type": 8, "codename": "change_category"}}, {"model": "auth.permission", "pk": 31, "fields": {"name": "Can delete \u062f\u0633\u062a\u0647\u200c\u0628\u0646\u062f\u06cc", "content_type": 8, "codename": "delete_category"}}, {"model": "auth.permission", "pk": 32, "fields": {"name": "Can view \u062f\u0633\u062a\u0647\u200c\u0628\u0646\u062f\u06cc", "content_type": 8, "codename": "view_category"}}, {"model": "auth.permission", "pk": 33, "fields": {"name": "Can add \u06a9\u0627\u0644\u0627", "content_type": 9, "codename": "add_product"}}, {"model": "auth.permission", "pk": 34, "fields": {"name": "Can change \u06a9\u0627\u0644\u0627", "content_type": 9, "codename": "change_product"}}, {"model": "auth.permission", "pk": 35, "fields": {"name": "Can delete \u06a9\u0627\u0644\u0627", "content_type": 9, "codename": "delete_product"}}, {"model": "auth.permission", "pk": 36, "fields": {"name": "Can view \u06a9\u0627\u0644\u0627", "content_type": 9, "codename": "view_product"}}, {"model": "auth.permission", "pk": 37, "fields": {"name": "Can add coupon", "content_type": 10, "codename": "add_coupon"}}, {"model": "auth.permission", "pk": 38, "fields": {"name": "Can change coupon", "content_type": 10, "codename": "change_coupon"}}, {"model": "auth.permission", "pk": 39, "fields": {"name": "Can delete coupon", "content_type": 10, "codename": "delete_coupon"}}, {"model": "auth.permission", "pk": 40, "fields": {"name": "Can view coupon", "content_type": 10, "codename": "view_coupon"}}, {"model": "auth.permission", "pk": 41, "fields": {"name": "Can add order", "content_type": 11, "codename": "add_order"}}, {"model": "auth.permission", "pk": 42, "fields": {"name": "Can change order", "content_type": 11, "codename": "change_order"}}, {"model": "auth.permission", "pk": 43, "fields": {"name": "Can delete order", "content_type": 11, "codename": "delete_order"}}, {"model": "auth.permission", "pk": 44, "fields": {"name": "Can view order", "content_type": 11, "codename": "view_order"}}, {"model": "auth.permission", "pk": 45, "fields": {"name": "Can add order item", "content_type": 12, "codename": "add_orderitem"}}, {"model": "auth.permission", "pk": 46, "fields": {"name": "Can change order item", "content_type": 12, "codename": "change_orderitem"}}, {"model": "auth.permission", "pk": 47, "fields": {"name": "Can delete order item", "content_type": 12, "codename": "delete_orderitem"}}, {"model": "auth.permission", "pk": 48, "fields": {"name": "Can view order item", "content_type": 12, "codename": "view_orderitem"}}, {"model": "admin.logentry", "pk": 1, "fields": {"action_time": "2020-08-30T15:08:17.849Z", "user": 1, "content_type": 8, "object_id": "1", "object_repr": "\u0645\u0648\u0628\u0627\u06cc\u0644", "action_flag": 1, "change_message": "[{\"added\": {}}]"}}, {"model": "admin.logentry", "pk": 2, "fields": {"action_time": "2020-08-30T15:08:28.633Z", "user": 1, "content_type": 8, "object_id": "2", "object_repr": "\u0644\u067e\u200c\u062a\u0627\u067e", "action_flag": 1, "change_message": "[{\"added\": {}}]"}}, {"model": "admin.logentry", "pk": 3, "fields": {"action_time": "2020-08-30T15:08:49.709Z", "user": 1, "content_type": 8, "object_id": "3", "object_repr": "\u0633\u0627\u0645\u0633\u0648\u0646\u06af", "action_flag": 1, "change_message": "[{\"added\": {}}]"}}, {"model": "admin.logentry", "pk": 4, "fields": {"action_time": "2020-08-30T15:09:58.377Z", "user": 1, "content_type": 8, "object_id": "4", "object_repr": "\u0627\u067e\u0644", "action_flag": 1, "change_message": "[{\"added\": {}}]"}}, {"model": "admin.logentry", "pk": 5, "fields": {"action_time": "2020-08-30T15:10:28.427Z", "user": 1, "content_type": 8, "object_id": "5", "object_repr": "Lenovo", "action_flag": 1, "change_message": "[{\"added\": {}}]"}}, {"model": "admin.logentry", "pk": 6, "fields": {"action_time": "2020-08-30T15:10:42.262Z", "user": 1, "content_type": 8, "object_id": "6", "object_repr": "ASUS", "action_flag": 1, "change_message": "[{\"added\": {}}]"}}, {"model": "admin.logentry", "pk": 7, "fields": {"action_time": "2020-08-30T15:11:03.250Z", "user": 1, "content_type": 8, "object_id": "5", "object_repr": "Lenovo", "action_flag": 2, "change_message": "[{\"changed\": {\"fields\": [\"\\u0632\\u06cc\\u0631\\u0634\\u0627\\u062e\\u0647\"]}}]"}}, {"model": "admin.logentry", "pk": 8, "fields": {"action_time": "2020-08-30T15:12:12.355Z", "user": 1, "content_type": 9, "object_id": "1", "object_repr": "\u06af\u0644\u06a9\u0633\u06cc A3", "action_flag": 1, "change_message": "[{\"added\": {}}]"}}, {"model": "admin.logentry", "pk": 9, "fields": {"action_time": "2020-08-30T15:14:07.675Z", "user": 1, "content_type": 9, "object_id": "2", "object_repr": "\u0622\u06cc\u0641\u0648\u0646 X", "action_flag": 1, "change_message": "[{\"added\": {}}]"}}, {"model": "admin.logentry", "pk": 10, "fields": {"action_time": "2020-08-30T15:15:01.661Z", "user": 1, "content_type": 9, "object_id": "3", "object_repr": "N56VZ", "action_flag": 1, "change_message": "[{\"added\": {}}]"}}, {"model": "admin.logentry", "pk": 11, "fields": {"action_time": "2020-08-30T17:08:22.220Z", "user": 1, "content_type": 11, "object_id": "4", "object_repr": "admin@admin.com - 4", "action_flag": 3, "change_message": ""}}, {"model": "admin.logentry", "pk": 12, "fields": {"action_time": "2020-08-30T17:08:22.237Z", "user": 1, "content_type": 11, "object_id": "3", "object_repr": "admin@admin.com - 3", "action_flag": 3, "change_message": ""}}, {"model": "admin.logentry", "pk": 13, "fields": {"action_time": "2020-08-30T17:08:22.247Z", "user": 1, "content_type": 11, "object_id": "2", "object_repr": "admin@admin.com - 2", "action_flag": 3, "change_message": ""}}, {"model": "admin.logentry", "pk": 14, "fields": {"action_time": "2020-08-30T17:08:22.259Z", "user": 1, "content_type": 11, "object_id": "1", "object_repr": "admin@admin.com - 1", "action_flag": 3, "change_message": ""}}, {"model": "admin.logentry", "pk": 15, "fields": {"action_time": "2020-08-30T17:12:28.466Z", "user": 1, "content_type": 11, "object_id": "5", "object_repr": "admin@admin.com - 5", "action_flag": 3, "change_message": ""}}, {"model": "admin.logentry", "pk": 16, "fields": {"action_time": "2020-08-31T19:58:08.374Z", "user": 1, "content_type": 8, "object_id": "7", "object_repr": "\u0627\u0686\u200c\u067e\u06cc", "action_flag": 1, "change_message": "[{\"added\": {}}]"}}, {"model": "admin.logentry", "pk": 17, "fields": {"action_time": "2020-08-31T22:05:24.391Z", "user": 1, "content_type": 11, "object_id": "22", "object_repr": "admin@admin.com - 22", "action_flag": 3, "change_message": ""}}, {"model": "admin.logentry", "pk": 18, "fields": {"action_time": "2020-08-31T22:05:24.550Z", "user": 1, "content_type": 11, "object_id": "21", "object_repr": "admin@admin.com - 21", "action_flag": 3, "change_message": ""}}, {"model": "admin.logentry", "pk": 19, "fields": {"action_time": "2020-08-31T22:05:24.583Z", "user": 1, "content_type": 11, "object_id": "20", "object_repr": "admin@admin.com - 20", "action_flag": 3, "change_message": ""}}, {"model": "admin.logentry", "pk": 20, "fields": {"action_time": "2020-08-31T22:05:24.628Z", "user": 1, "content_type": 11, "object_id": "19", "object_repr": "admin@admin.com - 19", "action_flag": 3, "change_message": ""}}, {"model": "admin.logentry", "pk": 21, "fields": {"action_time": "2020-08-31T22:05:24.654Z", "user": 1, "content_type": 11, "object_id": "18", "object_repr": "admin@admin.com - 18", "action_flag": 3, "change_message": ""}}, {"model": "admin.logentry", "pk": 22, "fields": {"action_time": "2020-08-31T22:05:24.672Z", "user": 1, "content_type": 11, "object_id": "17", "object_repr": "admin@admin.com - 17", "action_flag": 3, "change_message": ""}}, {"model": "admin.logentry", "pk": 23, "fields": {"action_time": "2020-08-31T22:05:24.683Z", "user": 1, "content_type": 11, "object_id": "16", "object_repr": "admin@admin.com - 16", "action_flag": 3, "change_message": ""}}, {"model": "admin.logentry", "pk": 24, "fields": {"action_time": "2020-08-31T22:05:24.694Z", "user": 1, "content_type": 11, "object_id": "15", "object_repr": "admin@admin.com - 15", "action_flag": 3, "change_message": ""}}, {"model": "admin.logentry", "pk": 25, "fields": {"action_time": "2020-08-31T22:05:24.705Z", "user": 1, "content_type": 11, "object_id": "14", "object_repr": "admin@admin.com - 14", "action_flag": 3, "change_message": ""}}, {"model": "admin.logentry", "pk": 26, "fields": {"action_time": "2020-08-31T22:05:24.716Z", "user": 1, "content_type": 11, "object_id": "13", "object_repr": "admin@admin.com - 13", "action_flag": 3, "change_message": ""}}, {"model": "admin.logentry", "pk": 27, "fields": {"action_time": "2020-08-31T22:05:24.727Z", "user": 1, "content_type": 11, "object_id": "12", "object_repr": "admin@admin.com - 12", "action_flag": 3, "change_message": ""}}, {"model": "admin.logentry", "pk": 28, "fields": {"action_time": "2020-08-31T22:05:24.738Z", "user": 1, "content_type": 11, "object_id": "11", "object_repr": "admin@admin.com - 11", "action_flag": 3, "change_message": ""}}, {"model": "admin.logentry", "pk": 29, "fields": {"action_time": "2020-08-31T22:05:24.749Z", "user": 1, "content_type": 11, "object_id": "10", "object_repr": "admin@admin.com - 10", "action_flag": 3, "change_message": ""}}, {"model": "admin.logentry", "pk": 30, "fields": {"action_time": "2020-08-31T22:05:24.761Z", "user": 1, "content_type": 11, "object_id": "9", "object_repr": "admin@admin.com - 9", "action_flag": 3, "change_message": ""}}, {"model": "admin.logentry", "pk": 31, "fields": {"action_time": "2020-08-31T22:05:24.772Z", "user": 1, "content_type": 11, "object_id": "8", "object_repr": "admin@admin.com - 8", "action_flag": 3, "change_message": ""}}, {"model": "admin.logentry", "pk": 32, "fields": {"action_time": "2020-08-31T22:05:24.783Z", "user": 1, "content_type": 11, "object_id": "7", "object_repr": "admin@admin.com - 7", "action_flag": 3, "change_message": ""}}, {"model": "admin.logentry", "pk": 33, "fields": {"action_time": "2020-08-31T22:05:24.794Z", "user": 1, "content_type": 11, "object_id": "6", "object_repr": "admin@admin.com - 6", "action_flag": 3, "change_message": ""}}, {"model": "admin.logentry", "pk": 34, "fields": {"action_time": "2020-09-01T07:16:13.473Z", "user": 1, "content_type": 8, "object_id": "8", "object_repr": "\u067e\u0648\u0634\u0627\u06a9", "action_flag": 1, "change_message": "[{\"added\": {}}]"}}, {"model": "admin.logentry", "pk": 35, "fields": {"action_time": "2020-09-01T07:16:28.299Z", "user": 1, "content_type": 8, "object_id": "9", "object_repr": "\u062a\u06cc\u200c\u0634\u0631\u062a", "action_flag": 1, "change_message": "[{\"added\": {}}]"}}, {"model": "admin.logentry", "pk": 36, "fields": {"action_time": "2020-09-01T07:16:51.827Z", "user": 1, "content_type": 8, "object_id": "10", "object_repr": "\u06a9\u0641\u0634", "action_flag": 1, "change_message": "[{\"added\": {}}]"}}, {"model": "admin.logentry", "pk": 37, "fields": {"action_time": "2020-09-01T07:18:39.649Z", "user": 1, "content_type": 9, "object_id": "4", "object_repr": "\u062a\u06cc\u200c\u0631\u062a \u0631\u0627\u062d\u062a", "action_flag": 1, "change_message": "[{\"added\": {}}]"}}, {"model": "admin.logentry", "pk": 38, "fields": {"action_time": "2020-09-01T07:22:13.453Z", "user": 1, "content_type": 9, "object_id": "5", "object_repr": "\u06a9\u0641\u0634 \u0646\u06cc\u0645\u0647 \u0631\u0627\u062d\u062a", "action_flag": 1, "change_message": "[{\"added\": {}}]"}}, {"model": "admin.logentry", "pk": 39, "fields": {"action_time": "2020-09-01T07:56:41.735Z", "user": 1, "content_type": 9, "object_id": "4", "object_repr": "\u062a\u06cc\u200c\u0634\u0631\u062a \u0631\u0627\u062d\u062a", "action_flag": 2, "change_message": "[{\"changed\": {\"fields\": [\"\\u0646\\u0627\\u0645\", \"\\u0627\\u0633\\u0644\\u0627\\u06af\"]}}]"}}, {"model": "admin.logentry", "pk": 40, "fields": {"action_time": "2020-09-01T07:59:39.580Z", "user": 1, "content_type": 10, "object_id": "1", "object_repr": "takhfif50", "action_flag": 1, "change_message": "[{\"added\": {}}]"}}, {"model": "admin.logentry", "pk": 41, "fields": {"action_time": "2020-09-01T07:59:59.720Z", "user": 1, "content_type": 10, "object_id": "1", "object_repr": "takhfif50", "action_flag": 2, "change_message": "[{\"changed\": {\"fields\": [\"Valid to\"]}}]"}}, {"model": "admin.logentry", "pk": 42, "fields": {"action_time": "2020-09-01T08:47:42.332Z", "user": 1, "content_type": 8, "object_id": "11", "object_repr": "\u062c\u06cc\u200c\u0627\u0644\u200c\u0627\u06cc\u06a9\u0633", "action_flag": 1, "change_message": "[{\"added\": {}}]"}}, {"model": "admin.logentry", "pk": 43, "fields": {"action_time": "2020-09-01T08:47:47.109Z", "user": 1, "content_type": 9, "object_id": "6", "object_repr": "\u062c\u06cc\u200c\u0627\u0644\u200c\u0627\u06cc\u06a9\u0633 \u0634\u0627\u0647\u06cc\u0646", "action_flag": 1, "change_message": "[{\"added\": {}}]"}}, {"model": "admin.logentry", "pk": 44, "fields": {"action_time": "2020-09-01T08:48:38.921Z", "user": 1, "content_type": 9, "object_id": "7", "object_repr": "\u062c\u06cc\u200c\u0627\u0644\u200c\u0627\u06cc\u06a9\u0633 \u0622\u0631\u06cc\u0627", "action_flag": 1, "change_message": "[{\"added\": {}}]"}}, {"model": "admin.logentry", "pk": 45, "fields": {"action_time": "2020-09-01T08:52:38.458Z", "user": 1, "content_type": 10, "object_id": "1", "object_repr": "takhfif50", "action_flag": 2, "change_message": "[{\"changed\": {\"fields\": [\"Active\"]}}]"}}, {"model": "admin.logentry", "pk": 46, "fields": {"action_time": "2020-09-05T09:51:56.953Z", "user": 1, "content_type": 9, "object_id": "3", "object_repr": "N56VZ", "action_flag": 2, "change_message": "[{\"changed\": {\"fields\": [\"\\u0645\\u0648\\u062c\\u0648\\u062f\"]}}]"}}, {"model": "admin.logentry", "pk": 47, "fields": {"action_time": "2020-09-05T10:32:47.765Z", "user": 1, "content_type": 9, "object_id": "3", "object_repr": "N56VZ", "action_flag": 2, "change_message": "[{\"changed\": {\"fields\": [\" \\u062a\\u0639\\u062f\\u0627\\u062f \\u0645\\u0648\\u062c\\u0648\\u062f\\u06cc\"]}}]"}}, {"model": "admin.logentry", "pk": 48, "fields": {"action_time": "2020-09-05T10:32:51.530Z", "user": 1, "content_type": 9, "object_id": "3", "object_repr": "N56VZ", "action_flag": 2, "change_message": "[{\"changed\": {\"fields\": [\"\\u0645\\u0648\\u062c\\u0648\\u062f\"]}}]"}}, {"model": "admin.logentry", "pk": 49, "fields": {"action_time": "2020-09-05T10:34:20.488Z", "user": 1, "content_type": 9, "object_id": "3", "object_repr": "N56VZ", "action_flag": 2, "change_message": "[]"}}, {"model": "admin.logentry", "pk": 50, "fields": {"action_time": "2020-09-05T14:33:16.615Z", "user": 1, "content_type": 9, "object_id": "2", "object_repr": "\u0622\u06cc\u0641\u0648\u0646 X", "action_flag": 2, "change_message": "[{\"changed\": {\"fields\": [\" \\u062a\\u0639\\u062f\\u0627\\u062f \\u0645\\u0648\\u062c\\u0648\\u062f\\u06cc\"]}}]"}}, {"model": "admin.logentry", "pk": 51, "fields": {"action_time": "2020-09-05T14:33:16.700Z", "user": 1, "content_type": 9, "object_id": "4", "object_repr": "\u062a\u06cc\u200c\u0634\u0631\u062a \u0631\u0627\u062d\u062a", "action_flag": 2, "change_message": "[{\"changed\": {\"fields\": [\" \\u062a\\u0639\\u062f\\u0627\\u062f \\u0645\\u0648\\u062c\\u0648\\u062f\\u06cc\"]}}]"}}, {"model": "admin.logentry", "pk": 52, "fields": {"action_time": "2020-09-05T14:33:16.722Z", "user": 1, "content_type": 9, "object_id": "7", "object_repr": "\u062c\u06cc\u200c\u0627\u0644\u200c\u0627\u06cc\u06a9\u0633 \u0622\u0631\u06cc\u0627", "action_flag": 2, "change_message": "[{\"changed\": {\"fields\": [\" \\u062a\\u0639\\u062f\\u0627\\u062f \\u0645\\u0648\\u062c\\u0648\\u062f\\u06cc\"]}}]"}}, {"model": "admin.logentry", "pk": 53, "fields": {"action_time": "2020-09-05T14:33:16.745Z", "user": 1, "content_type": 9, "object_id": "6", "object_repr": "\u062c\u06cc\u200c\u0627\u0644\u200c\u0627\u06cc\u06a9\u0633 \u0634\u0627\u0647\u06cc\u0646", "action_flag": 2, "change_message": "[{\"changed\": {\"fields\": [\" \\u062a\\u0639\\u062f\\u0627\\u062f \\u0645\\u0648\\u062c\\u0648\\u062f\\u06cc\"]}}]"}}, {"model": "admin.logentry", "pk": 54, "fields": {"action_time": "2020-09-05T14:33:16.767Z", "user": 1, "content_type": 9, "object_id": "5", "object_repr": "\u06a9\u0641\u0634 \u0646\u06cc\u0645\u0647 \u0631\u0627\u062d\u062a", "action_flag": 2, "change_message": "[{\"changed\": {\"fields\": [\" \\u062a\\u0639\\u062f\\u0627\\u062f \\u0645\\u0648\\u062c\\u0648\\u062f\\u06cc\"]}}]"}}, {"model": "admin.logentry", "pk": 55, "fields": {"action_time": "2020-09-05T14:33:16.834Z", "user": 1, "content_type": 9, "object_id": "1", "object_repr": "\u06af\u0644\u06a9\u0633\u06cc A3", "action_flag": 2, "change_message": "[{\"changed\": {\"fields\": [\" \\u062a\\u0639\\u062f\\u0627\\u062f \\u0645\\u0648\\u062c\\u0648\\u062f\\u06cc\"]}}]"}}, {"model": "admin.logentry", "pk": 56, "fields": {"action_time": "2020-09-05T14:35:14.405Z", "user": 1, "content_type": 9, "object_id": "2", "object_repr": "\u0622\u06cc\u0641\u0648\u0646 X", "action_flag": 2, "change_message": "[{\"changed\": {\"fields\": [\" \\u062a\\u0639\\u062f\\u0627\\u062f \\u0645\\u0648\\u062c\\u0648\\u062f\\u06cc\"]}}]"}}]